waypoint,step,actual_distance_m,simulated_distance_m,distance_error_m,distance_error_pct,distance_accuracy_pct,actual_path_loss_db,simulated_path_loss_db,path_loss_error_db,path_loss_error_pct,path_loss_accuracy_pct,path_loss_model,actual_snr_db,simulated_snr_db,snr_error_db,snr_error_pct,snr_accuracy_pct,actual_rsrp_dbm,simulated_rsrp_dbm,actual_rssi_dbm,simulated_rssi_dbm,actual_prr_pct,simulated_prr_pct,prr_error_pct,prr_accuracy_pct,actual_speed_src_kmh,simulated_speed_src_kmh,actual_speed_dst_kmh,simulated_speed_dst_kmh,calibration_enabled,realistic_speed_enabled,dataset_snr_db,dataset_snr_vs_calculated,dataset_rsrp_dbm,rsrp_error_dbm,rsrp_accuracy_pct,dataset_rssi_dbm,rssi_error_dbm,rssi_accuracy_pct,dataset_noise_power,dataset_rx_power_dbm
2,80,42.70793604583641,22.504015580274043,-20.20392046556237,-47.30718066983723,52.69281933016277,101.04171203509156,90.60739088988541,-10.434321145206155,-10.326746187339282,89.67325381266072,3GPP,11.958287964908436,22.39260911011459,10.434321145206155,87.25597824559537,12.744021754404628,-81.04171203509156,-70.60739088988541,-80.5220586083636,-70.55772732893509,97.00884912903433,99.9832825393465,2.974433410312173,96.93385352262473,36.114,38.3364,45.7444,43.514246375605175,True,True,13.568497,1.6102090350915645,-73.69373,3.0863391101145936,95.81193798968434,-51.83793000000001,-18.71979732893508,63.88783786517888,0.0010424595499999,0.03407547
1,85,45.373697018505446,21.724357096534384,-23.649339921971062,-52.12125410967899,47.87874589032101,102.02779639856554,90.03315013148799,-11.994646267077556,-11.756253384343598,88.2437466156564,3GPP,10.972203601434458,22.966849868512014,11.994646267077556,109.31848061504645,0.0,-82.02779639856554,-70.03315013148799,-81.38506279746032,-69.989606931177,95.19422885320297,99.98745433652269,4.793225483319716,94.96479404154715,37.7808,36.114,45.1888,41.32625460586162,True,True,13.38859,2.4163863985655425,-73.67057777777778,3.637427646289794,95.06257754993881,-51.92350555555556,-18.066101375621436,65.2063142071723,0.0011550557222222,0.0368148811111111
3,91,39.73522135174953,21.037976348664117,-18.697245003085413,-47.05458876791227,52.94541123208773,99.86672652125802,89.51028874104688,-10.356437780211138,-10.370258584581348,89.62974141541865,3GPP,13.133273478741984,23.489711258953122,10.356437780211138,78.8564846150083,21.1435153849917,-79.86672652125802,-69.51028874104688,-79.46474784777418,-69.47166267748554,98.31537384493983,99.99034019721098,1.6749663522711558,98.29633323175594,33.891600000000004,37.7808,44.8184,41.644378168607375,True,True,14.6877005,1.5544270212580162,-72.820205,3.3099162589531232,95.45467324768843,-51.04021,-18.431452677485538,63.888368254195,0.0009950373,0.043930219
4,95,36.542001146858816,20.48598360064142,-16.056017546217397,-43.93852838461088,56.06147161538912,98.5023524050147,89.07727092317757,-9.42508148183714,-9.568382126635703,90.4316178733643,3GPP,14.497647594985295,23.922729076822435,9.42508148183714,65.01110900983174,34.98889099016826,-78.5023524050147,-69.07727092317757,-78.20513520226916,-69.04229562184074,99.14125064798301,99.99222056954487,0.8509699215618554,99.14165908136124,31.8544,33.891600000000004,44.2628,39.05218033979602,True,True,15.953636666666666,1.4559890716813708,-70.38425000000001,1.3069790768224436,98.14308019646094,-44.13481111111111,-24.907484510729624,43.56499125367489,0.0021056491666666,0.0745289855555555
2,96,42.70793604583641,20.358306579030913,-22.3496294668055,-52.331326531019194,47.668673468980806,101.04171203509156,88.97545202820396,-12.066260006887603,-11.941860211846981,88.05813978815301,3GPP,11.958287964908436,24.02454797179604,12.066260006887603,100.90290551871648,0.0,-81.04171203509156,-68.97545202820396,-80.5220586083636,-68.9412839940648,97.00884912903433,99.9926066751702,2.9837575461358625,96.92424188831775,36.114,33.891600000000004,45.7444,38.49178033979604,True,True,13.568497,1.6102090350915645,-73.69373,4.7182779717960415,93.59744991630083,-51.83793000000001,-17.103353994064797,67.00610152823464,0.0010424595499999,0.03407547
4,103,36.542001146858816,19.659762531172145,-16.88223861568667,-46.199545963119434,53.800454036880566,98.5023524050147,88.4068251854967,-10.095527219518004,-10.249021442663583,89.75097855733642,3GPP,14.497647594985295,24.5931748145033,10.095527219518004,69.63562297520618,30.364377024793825,-78.5023524050147,-68.4068251854967,-78.20513520226916,-68.37683587357293,99.14125064798301,99.99443619393513,0.8531855459521154,99.13942426550429,31.8544,36.114,44.2628,39.09879312580755,True,True,15.953636666666666,1.4559890716813708,-70.38425000000001,1.9774248145033084,97.19052939471074,-44.13481111111111,-24.242024762461817,45.072780075048755,0.0021056491666666,0.0745289855555555
7,107,32.90152322558635,19.189043837379163,-13.71247938820719,-41.677339052629264,58.322660947370736,96.7932403236007,88.01214020867727,-8.781100114923433,-9.07201792766346,90.92798207233653,3GPP,16.2067596763993,24.987859791322734,8.781100114923433,54.18171361984652,45.81828638015348,-76.7932403236007,-68.01214020867727,-76.59050375931575,-67.98474794024801,99.63281455706539,99.99543257360588,0.36261801654049464,99.63604559586861,30.558,31.854400000000002,44.0776,36.58324224237565,True,True,16.52040611111111,0.31364643471181,-69.81928333333333,1.807143124656065,97.41168479769644,-45.06527222222222,-22.919475718025794,49.14160153075936,0.0014464458333333,0.1035069527777777
3,108,39.73522135174953,19.078925608794822,-20.656295742954708,-51.98485132396329,48.01514867603671,99.86672652125802,87.91841194508763,-11.94831457617039,-11.964259761360081,88.03574023863992,3GPP,13.133273478741984,25.081588054912373,11.94831457617039,90.97742916501652,9.022570834983483,-79.86672652125802,-67.91841194508763,-79.46474784777418,-67.8916027142166,98.31537384493983,99.99564167480789,1.6802678298680576,98.29094091375971,33.891600000000004,31.854400000000002,44.8184,35.815265922301414,True,True,14.6877005,1.5544270212580162,-72.820205,4.901793054912375,93.26863601261164,-51.04021,-16.8513927142166,66.984084285279,0.0009950373,0.043930219
4,115,36.542001146858816,18.500161456066312,-18.041839690792504,-49.37288359847637,50.62711640152363,98.5023524050147,87.41672209469368,-11.085630310321022,-11.254178240068772,88.74582175993123,3GPP,14.497647594985295,25.583277905306318,11.085630310321022,76.46502812053122,23.534971879468785,-78.5023524050147,-67.41672209469368,-78.20513520226916,-67.39282960822256,99.14125064798301,99.99660856682543,0.8553579188424152,99.13723307578648,31.8544,33.891600000000004,44.2628,36.374534893171585,True,True,15.953636666666666,1.4559890716813708,-70.38425000000001,2.9675279053063264,95.78381824725514,-44.13481111111111,-23.258018497111443,47.30232686720133,0.0021056491666666,0.0745289855555555
9,120,29.138414535899432,18.078036602462678,-11.060377933436754,-37.95806364073112,62.04193635926888,94.81511205138597,87.04081244752047,-7.774299603865501,-8.199430908916867,91.80056909108313,3GPP,18.184887948614033,25.959187552479534,7.774299603865501,42.75142979067969,57.24857020932031,-74.81511205138597,-67.04081244752047,-74.6854548839414,-67.01889604465114,99.8631190262779,99.99718966530445,0.1340706390265467,99.86574559223284,30.743200000000005,31.854400000000002,43.8924,34.620398861280044,True,True,19.4590055,1.2741175513859666,-66.028325,-1.0124874475204706,98.46658619990667,-44.702905,-22.315991044651142,50.07932695950936,0.00492687295,0.18908589
7,125,32.90152322558635,17.666398325745412,-15.23512489984094,-46.30522664675027,53.69477335324973,96.7932403236007,86.66569083180674,-10.127549491793957,-10.463075167165984,89.53692483283402,3GPP,16.2067596763993,26.334309168193258,10.127549491793957,62.48966291850403,37.51033708149597,-76.7932403236007,-66.66569083180674,-76.59050375931575,-66.64558381431532,99.63281455706539,99.99767028117714,0.3648557241117487,99.6337996414798,30.558,30.743200000000005,44.0776,33.44361882939399,True,True,16.52040611111111,0.31364643471181,-69.81928333333333,3.153592501526589,95.48320700103636,-45.06527222222222,-21.580311592093096,52.113211508680095,0.0014464458333333,0.1035069527777777
9,132,29.138414535899432,17.18956246773217,-11.948852068167263,-41.00721421697775,58.99278578302225,94.81511205138597,86.22007099250683,-8.595041058879133,-9.065053948595207,90.9349460514048,3GPP,18.184887948614033,26.779929007493166,8.595041058879133,47.26474577773907,52.73525422226093,-74.81511205138597,-66.22007099250683,-74.6854548839414,-66.20192070202586,99.8631190262779,99.9981355943481,0.13501656807019913,99.86479836661753,30.743200000000005,30.558,43.8924,32.7472398883137,True,True,19.4590055,1.2741175513859666,-66.028325,-0.19174599250683855,99.7096003987579,-44.702905,-21.499015702025858,51.90689351838352,0.00492687295,0.18908589
5,133,36.542001146858816,17.130711882120924,-19.411289264737892,-53.120487809974534,46.879512190025466,98.5023524050147,86.16421805254137,-12.338134352473332,-12.525725580382389,87.47427441961761,3GPP,14.497647594985295,26.835781947458628,12.338134352473332,85.10438863709908,14.895611362900922,-78.5023524050147,-66.16421805254137,-78.20513520226916,-66.14629921357489,99.14125064798301,99.99818693939275,0.8569362914097383,99.1356410315496,44.2628,30.558,31.8544,32.67426522536991,True,True,14.8761725,0.3785249050147037,-74.400675,8.236456947458635,88.92959378734315,-53.080355,-13.065944213574895,75.38459527338335,0.0006290299999999,0.0261676224999999
9,140,29.138414535899432,17.442207845822924,-11.696206690076508,-40.14016162638642,59.85983837361358,94.81511205138597,86.45769479672337,-8.357417254662593,-8.814435878252414,91.18556412174759,3GPP,18.184887948614033,26.542305203276626,8.357417254662593,45.95803547582242,54.04196452417758,-74.81511205138597,-66.45769479672337,-74.6854548839414,-66.43852599353923,99.8631190262779,99.9979003894671,0.1347813631892052,99.86503389389055,30.743200000000005,36.3592,43.8924,31.854400000000002,True,True,19.4590055,1.2741175513859666,-66.028325,-0.42936979672337827,99.34971878095745,-44.702905,-21.73562099353923,51.37760959038517,0.00492687295,0.18908589
11,143,25.82715719155996,17.68521604194358,-8.141941149616379,-31.524728367228427,68.47527163277158,92.85051286315684,86.68302900269003,-6.1674838604668025,-6.642379961386369,93.35762003861363,3GPP,20.149487136843163,26.316970997309966,6.1674838604668025,30.60863940893866,69.39136059106134,-72.85051286315684,-66.68302900269003,-72.76758837948043,-66.66284173893038,99.94870112735529,99.99764999732604,0.04894886997074366,99.95102600692292,33.336,34.055200000000006,43.1516,33.7264,True,True,19.802766,-0.34672113684316486,-62.46638,-4.216649002690033,93.24973049072152,-40.56075,-26.102091738930383,35.64692038749189,0.013468277,0.55203555
6,144,32.90152322558635,17.623353125035198,-15.278170100551154,-46.43605706580132,53.56394293419868,96.7932403236007,86.62596052418847,-10.167279799412228,-10.50412173972151,89.49587826027849,3GPP,16.2067596763993,26.37403947581153,10.167279799412228,62.73480944015034,37.26519055984966,-76.7932403236007,-66.62596052418847,-76.59050375931575,-66.60603619235026,99.63281455706539,99.99771610370028,0.36490154663489704,99.63375365008292,44.0776,32.43520000000001,30.558,34.6624,True,True,15.3322095,-0.8745501763993015,-73.73751,7.111549475811529,90.35558771131338,-52.37167,-14.234366192350258,72.82048444827088,0.0006779271,0.035104612
11,151,25.82715719155996,18.52761237748718,-7.299544814072778,-28.263059538191033,71.73694046180897,92.85051286315684,87.44086975058698,-5.409643112569853,-5.82618549511147,94.17381450488853,3GPP,20.149487136843163,25.559130249413016,5.409643112569853,26.847547413146643,73.15245258685336,-72.85051286315684,-67.44086975058698,-72.76758837948043,-67.41684441482545,99.94870112735529,99.99656737246399,0.047866245108693306,99.95210918744436,33.336,38.952,43.1516,30.558,True,True,19.802766,-0.34672113684316486,-62.46638,-4.974489750586983,92.03653269072582,-40.56075,-26.85609441482545,33.78797380515536,0.013468277,0.55203555
12,153,23.67545023677744,18.974918597805537,-4.700531638971903,-19.854032729946137,80.14596727005386,91.43382439908193,87.8293872006066,-3.604437198475324,-3.9421266934466273,96.05787330655338,3GPP,21.566175600918072,25.170612799393396,3.604437198475324,16.713381478364127,83.28661852163587,-71.43382439908193,-67.8293872006066,-71.37382274615541,-67.80312028832259,99.97473083340316,99.99583141196177,0.02110057855861669,99.97889408815335,36.6696,38.268,42.596,31.494,True,True,24.18993,2.6237543990819283,-60.32997,-7.499417200606601,87.56933378119267,-39.18272,-28.620400288322585,26.956576040860398,0.00248421695,0.74643134
8,156,29.138414535899432,19.249601948151508,-9.888812587747925,-33.93737355052245,66.06262644947755,94.81511205138597,88.06345589871668,-6.751656152669284,-7.120865025197838,92.87913497480216,3GPP,18.184887948614033,24.936544101283317,6.751656152669284,37.12784028005993,62.87215971994007,-74.81511205138597,-68.06345589871668,-74.6854548839414,-68.03573908369717,99.8631190262779,99.99531387248344,0.132194846205536,99.8676239561767,43.8924,36.6696,30.743200000000005,34.302,True,True,17.09924210526316,-1.0856458433508749,-71.75707894736841,3.6936230486517303,94.85260116097969,-50.581831578947366,-17.4539075047498,65.493721836648,0.0007275976842105,0.0524561736842105
12,162,23.67545023677744,20.38769963017629,-3.2877506066011506,-13.886750088046728,86.11324991195328,91.43382439908193,88.99894864171398,-2.434875757367948,-2.6629923590863123,97.33700764091368,3GPP,21.566175600918072,24.00105135828602,2.434875757367948,11.290252859038647,88.70974714096135,-71.43382439908193,-68.99894864171398,-71.37382274615541,-68.96459597862406,99.97473083340316,99.9925193104308,0.017788477027636418,99.98220702683633,36.6696,41.349599999999995,42.596,30.743200000000005,True,True,24.18993,2.6237543990819283,-60.32997,-8.668978641713977,85.63072608570172,-39.18272,-29.781875978624058,23.992321159368075,0.00248421695,0.74643134
15,163,22.31942276897657,20.707904213699383,-1.6115185552771862,-7.220251939118946,92.77974806088105,90.47325109242117,89.25274567533654,-1.220505417084624,-1.349023498490002,98.65097650151,3GPP,22.526748907578835,23.74725432466346,1.220505417084624,5.418027350915251,94.58197264908475,-70.47325109242117,-69.25274567533654,-70.4250896899655,-69.21633430378996,99.98436683424701,99.99150724564211,0.007140411395099022,99.99285847215802,38.7068,42.285599999999995,42.0404,30.743200000000005,True,True,23.90938,1.382631092421164,-58.683025,-10.56972067533654,81.98845292086334,-37.84484,-31.371494303789966,17.10496251592035,0.0039363508,0.951400235
10,167,25.82715719155996,21.392022556551478,-4.435134635008481,-17.172368612283183,82.82763138771682,92.85051286315684,89.78208444066823,-3.0684284224886085,-3.3046973332402168,96.69530266675979,3GPP,20.149487136843163,23.21791555933177,3.0684284224886085,15.228320213063954,84.77167978693605,-72.85051286315684,-69.78208444066823,-72.76758837948043,-69.74097555639926,99.94870112735529,99.98893422489253,0.04023309753723936,99.95974625274422,43.1516,38.7068,33.336,34.4872,True,True,17.747307857142857,-2.402179279700306,-69.59491428571428,-0.18717015495394662,99.73105771179551,-48.37912857142857,-21.36184698497069,55.84491160598037,0.0013659669285714,0.1432470328571428
16,174,21.6473110381004,22.869540429352703,1.2222293912523021,5.64610259953818,94.35389740046182,89.97528854580403,90.86979404897797,0.8945055031739315,0.9941679739304892,99.00583202606951,3GPP,23.024711454195966,22.130205951022035,-0.8945055031739315,-3.8849802958591217,96.11501970414088,-69.97528854580403,-70.86979404897797,-69.93231878792955,-70.81705598960409,99.98781204887611,99.98093923824334,-0.00687281063277112,99.99312635161033,39.4476,43.1516,41.299600000000005,33.336,True,True,21.079365789473684,-1.9453456647222822,-61.99149473684211,-8.878299312135859,85.67819771111374,-40.29011052631579,-30.526945463288293,24.232162521993118,0.026003565,0.6219894315789474
13,178,23.67545023677744,23.567609281738296,-0.10784095503914415,-0.4554969555409934,99.544503044459,91.43382439908193,91.35947250455928,-0.07435189452264979,-0.08131771257661223,99.9186822874234,3GPP,21.566175600918072,21.640527495440722,0.07435189452264979,0.34476161141655837,99.65523838858344,-71.43382439908193,-71.35947250455928,-71.37382274615541,-71.30048246044106,99.97473083340316,99.97565276683689,0.0009219334337302598,99.99907783354249,42.596,39.4476,36.6696,36.144,True,True,20.435493333333334,-1.1306822675847386,-65.35011333333334,-6.009359171225938,90.80436304590044,-43.26526,-28.035222460441062,35.20153938647066,0.0016423122666666,0.2458892733333333
14,184,22.31942276897657,24.356029557933766,2.0366067889571973,9.124818370249383,90.87518162975061,90.47325109242117,91.895383612356,1.4221325199348342,1.571881747105653,98.42811825289435,3GPP,22.526748907578835,21.104616387644,-1.4221325199348342,-6.313083728901405,93.6869162710986,-70.47325109242117,-71.895383612356,-70.4250896899655,-71.82870531642557,99.98436683424701,99.96817351020029,-0.01619332404672491,99.98380414402827,42.0404,42.596,38.7068,36.6696,True,True,21.57432,-0.9524289075788346,-63.77698,-8.118403612355998,87.27063650182872,-42.877215,-28.95149031642557,32.478146455114754,0.00203181575,0.350936715
18,188,21.53463988126952,24.833354009079954,3.2987141278104346,15.318176417148274,84.68182358285172,89.89030065442049,92.21146688163077,2.321166227210284,2.582221007507708,97.41777899249229,3GPP,23.109699345579514,20.78853311836923,-2.321166227210284,-10.044121269168667,89.95587873083133,-69.89030065442049,-72.21146688163077,-69.84815957853849,-72.13979603594737,99.98831905389926,99.96272637022791,-0.025592683671348482,99.97440432651183,40.5588,42.0404,41.1144,38.7068,True,True,21.43962380952381,-1.6700755360557054,-64.18932380952381,-8.022143072106957,87.50237174033495,-41.66396666666667,-30.475829369280703,26.85326960559675,0.001728872047619,0.3571975238095238
17,194,21.6473110381004,24.903823155179023,3.2565121170786213,15.043494831053101,84.9565051689469,89.97528854580403,92.25761603532021,2.2823274895161774,2.536615915773701,97.4633840842263,3GPP,23.024711454195966,20.74238396467979,-2.2823274895161774,-9.912512884500238,90.08748711549975,-69.97528854580403,-72.25761603532021,-69.93231878792955,-72.18518588704907,99.98781204887611,99.96185662919098,-0.025955419685132597,99.9740414164954,41.299600000000005,40.5588,39.4476,41.1144,True,True,19.510207,-3.514504454195965,-68.23128,-4.026336035320213,94.098987978358,-47.28629,-24.898895887049072,47.34436580444549,0.00103387155,0.154887648
20,198,21.302701206267628,25.041358909588688,3.73865770332106,17.55015792185585,82.44984207814414,89.71394049443603,92.347311128596,2.6333706341599736,2.9352970337127178,97.06470296628729,3GPP,23.28605950556397,20.652688871403996,-2.6333706341599736,-11.308785986442903,88.6912140135571,-69.71394049443603,-72.347311128596,-69.67346863145261,-72.2733823144707,99.98930486724635,99.96010775168529,-0.029197115561061082,99.97079976143466,40.9292,41.299600000000005,41.1144,39.4476,True,True,19.81767947368421,-3.468380031879761,-63.51422631578947,-8.833084812806533,86.09274594814572,-40.080063157894735,-32.19331915657596,19.677473985629916,0.0138677284210526,0.563023194736842
19,204,21.53463988126952,25.08794107859982,3.553301197330299,16.50039757767625,83.49960242232375,89.89030065442049,92.37757843451932,2.487277780098836,2.7670146411692085,97.23298535883079,3GPP,23.109699345579514,20.62242156548068,-2.487277780098836,-10.76291708907329,89.23708291092672,-69.89030065442049,-72.37757843451932,-69.84815957853849,-72.30313699441646,99.98831905389926,99.95949969126757,-0.028819362631693934,99.97117727060082,41.1144,40.9292,40.5588,41.1144,True,True,18.577979,-4.531720345579515,-68.96061999999999,-3.41695843451933,95.04505841954534,-47.6294,-24.673736994416466,48.19641441123241,0.00108143345,0.151685359
23,208,21.192186545542885,25.124960010455,3.9327734649121133,18.557657825729404,81.44234217427059,89.62923145400669,92.4015918659205,2.7723604119138088,3.0931431263431595,96.90685687365684,3GPP,23.370768545993315,20.598408134079506,-2.7723604119138088,-11.862512807218325,88.13748719278168,-69.62923145400669,-72.4015918659205,-69.58953778339026,-72.3267412135107,99.9897483499797,99.95901068509147,-0.030737664888235372,99.96925918367086,40.9292,41.1144,40.9292,40.5588,True,True,20.505713333333333,-2.865055212659982,-64.36341904761905,-8.038172818301447,87.51127125121424,-43.075428571428574,-29.251312642082127,32.09281111718485,0.0029606555238095,0.2710350238095238
21,214,21.302701206267628,25.131790897052955,3.8290896907853273,17.974667408181748,82.02533259181826,89.71394049443603,92.4060190567765,2.6920785623404697,3.000736058971158,96.99926394102884,3GPP,23.28605950556397,20.5939809432235,-2.6920785623404697,-11.560902185692795,88.4390978143072,-69.71394049443603,-72.4060190567765,-69.67346863145261,-72.33109271759872,99.98930486724635,99.95891988814815,-0.03038497909820137,99.96961177084034,41.1144,40.9292,40.9292,40.9292,True,True,20.202815,-3.083244505563968,-66.66039,-5.745629056776494,91.38074491196872,-45.72031,-26.610782717598724,41.79658292430929,0.00137719375,0.216934125
25,218,21.308825096019696,25.146243625415753,3.837418529396057,18.008588047929745,81.99141195207025,89.71862157214471,92.4153821023026,2.6967605301578885,3.0057979970070807,96.99420200299292,3GPP,23.281378427855287,20.5846178976974,-2.6967605301578885,-11.583337036999994,88.41666296300001,-69.71862157214471,-72.4153821023026,-69.6781062656803,-72.3402954435224,99.98927980824175,99.95872719935764,-0.030552608884107713,99.96944411546647,41.1144,41.1144,40.5588,40.9292,True,True,20.75563,-2.5257484278552873,-65.876085,-6.539297102302598,90.07333677721954,-44.82556,-27.51473544352239,38.61820032248925,0.00131735575,0.187835115
22,224,21.192186545542885,25.234150319567703,4.041963774024818,19.072896349503488,80.92710365049652,89.62923145400669,92.4722158643288,2.842984410322117,3.1719388465145957,96.82806115348541,3GPP,23.370768545993315,20.527784135671197,-2.842984410322117,-12.164702263544168,87.83529773645583,-69.62923145400669,-72.4722158643288,-69.58953778339026,-72.39614874141407,99.9897483499797,99.95753803698412,-0.03221031299558774,99.9677863845773,40.9292,41.1144,40.9292,40.5588,True,True,18.2183615,-5.152407045993314,-70.24569,-2.2265258643288064,96.83037370075117,-49.162585,-23.233563741414066,52.741370818043706,0.0008279115,0.0946572795
27,228,21.8721833197651,25.258061559921988,3.385878240156888,15.48029380815034,84.51970619184966,90.14359529261098,92.48764079838952,2.3440455057785385,2.6003461456908172,97.39965385430918,3GPP,22.856404707389018,20.51235920161048,-2.3440455057785385,-10.255530280406505,89.7444697195935,-70.14359529261098,-72.48764079838952,-70.09893629435777,-72.4113053905617,99.98674214079821,99.9572094250522,-0.029532715746015015,99.97046336832895,41.67,40.9292,40.1884,40.9292,True,True,20.77074,-2.085664707389018,-65.338175,-7.149465798389514,89.05775100331542,-44.29347,-28.117835390561694,36.51923095986452,0.0017588738,0.369772365
24,234,21.308825096019696,25.46418081328327,4.155355717263575,19.500632712217246,80.49936728778275,89.71862157214471,92.62000424918044,2.901382677035727,3.2338689852726517,96.76613101472735,3GPP,23.281378427855287,20.37999575081956,-2.901382677035727,-12.46224610809269,87.53775389190731,-69.71862157214471,-72.62000424918044,-69.6781062656803,-72.5413277598042,99.98927980824175,99.95428299565657,-0.034996812585177395,99.96499943528717,40.5588,41.67,41.1144,40.1884,True,True,19.170745,-4.110633427855287,-68.983065,-3.6369392491804433,94.72777956563623,-47.8931,-24.648227759804207,48.534908452774594,0.00088461825,0.10182646
29,237,22.3168889852933,25.474469078559327,3.157580093266027,14.148836315612154,85.85116368438784,90.47140213543427,92.62658295254418,2.1551808171099083,2.382168029057001,97.617831970943,3GPP,22.528597864565725,20.373417047455817,-2.1551808171099083,-9.566422331589933,90.43357766841007,-70.47140213543427,-72.62658295254418,-70.42326111955748,-72.54778826897288,99.98438127783781,99.9541324378437,-0.03024883999411543,99.96974643478559,41.299600000000005,40.5588,39.6328,41.1144,True,True,19.563560000000003,-2.9650378645657227,-66.82447499999999,-5.8021079525441905,91.31739089226785,-45.853425,-26.69436326897288,41.78327296385629,0.00140757,0.179953655
31,244,22.88041521877527,25.736819843099333,2.856404624324064,12.484059388835515,87.51594061116448,90.87753645177398,92.79344824022328,1.915911788449307,2.1082347335262823,97.89176526647371,3GPP,22.122463548226023,20.206551759776715,-1.915911788449307,-8.660481163287722,91.33951883671227,-70.87753645177398,-72.79344824022328,-70.82470485961605,-72.71159608862646,99.98086532133358,99.95014339950563,-0.030721921827947085,99.96927219850598,40.5588,41.299600000000005,39.077200000000005,39.6328,True,True,18.478716,-3.643747548226024,-68.4863,-4.307148240223285,93.7109345369464,-47.285815,-25.425781088626465,46.2295805018345,0.0011713861,0.1573117745
33,254,23.454677056454937,26.152757705419834,2.698080648964897,11.503380082661854,88.49661991733815,91.28124480596867,93.05454603096912,1.773301225000452,1.9426786179021303,98.05732138209787,3GPP,21.71875519403133,19.94545396903088,-1.773301225000452,-8.164838220045798,91.8351617799542,-71.28124480596867,-73.05454603096912,-71.22330081942334,-72.96767239633274,99.9765864783135,99.94319466395942,-0.03339181435407568,99.96660036561528,39.2624,40.5588,38.52160000000001,39.077200000000005,True,True,15.550178,-6.1685771940313305,-71.72956,-1.3249860309691144,98.15280334778421,-50.369765,-22.597907396332744,55.13596818183936,0.00106434005,0.056631399
35,264,23.573806140829344,26.37790693853185,2.8041007977025068,11.89498539587064,88.10501460412937,91.36375418824403,93.19415258597229,1.8303983977282599,2.0034185481880966,97.9965814518119,3GPP,21.63624581175597,19.80584741402771,-1.8303983977282599,-8.45987059702252,91.54012940297748,-71.36375418824403,-73.19415258597229,-71.3047063512856,-73.10447008142802,99.97560060015886,99.93909029781804,-0.036510302340815315,99.96348078719043,37.595600000000005,39.2624,37.7808,38.52160000000001,True,True,16.22502,-5.411225811755969,-71.320925,-1.8732275859722876,97.37352314769853,-49.98419,-23.12028008142802,53.7448139473141,0.00102575135,0.0519498
36,274,23.58173630278061,26.35446516104166,2.7727288582610505,11.75795040136255,88.24204959863745,91.36923184595406,93.17967291028835,1.8104410643342845,1.981455931890329,98.01854406810968,3GPP,21.63076815404594,19.820327089711654,-1.8104410643342845,-8.369749291569423,91.63025070843058,-71.36923184595406,-73.17967291028835,-71.31010999127,-73.09028586447835,99.97553369915492,99.93952941603348,-0.03600428312144288,99.96398690580659,36.6696,37.595600000000005,37.2252,37.7808,True,True,16.112148333333334,-5.518619820712605,-70.93406111111112,-2.245611799177226,96.83422637305412,-49.43298333333333,-23.657302531145014,52.14267694178884,0.0011375986666666,0.0905270694444444
32,283,23.454677056454937,26.227290389981285,2.7726133335263476,11.82115331135331,88.17884668864669,91.28124480596867,93.10089357643176,1.8196487704630897,1.9934530629276728,98.00654693707233,3GPP,21.71875519403133,19.89910642356824,-1.8196487704630897,-8.378236939487024,91.62176306051298,-71.28124480596867,-73.10089357643176,-71.22330081942334,-73.01309722743348,99.9765864783135,99.94186367283623,-0.03472280547725859,99.96526906278723,38.52160000000001,36.6696,39.2624,37.2252,True,True,14.777534736842108,-6.941220457189223,-74.01032631578948,0.909432739357726,98.77120831020616,-52.9116,-20.101497227433477,62.009281088771694,0.0008287900526315,0.0318149984210526
38,285,23.69432939003227,26.19673985514495,2.502410465112682,10.561220889270645,89.43877911072936,91.44680595490765,93.08191192316337,1.6351059682557292,1.7880405457375939,98.21195945426241,3GPP,21.553194045092354,19.918088076836625,-1.6351059682557292,-7.586374273970041,92.41362572602996,-71.44680595490765,-73.08191192316337,-71.38662592067469,-72.99449463941654,99.97456632525483,99.94241250832178,-0.03215381693304664,99.96783800308927,36.8548,37.6056,36.8548,38.1612,True,True,18.402599523809524,-3.15059452128283,-67.88619047619048,-5.195721446972897,92.34642360909149,-45.72007619047619,-27.274418448940352,40.34476597258645,0.001964237047619,0.1060133523809523
34,293,23.573806140829344,26.165518271910198,2.591712131080854,10.994033443721515,89.00596655627848,91.36375418824403,93.06249044946212,1.6987362612180874,1.8593109229268816,98.14068907707312,3GPP,21.63624581175597,19.937509550537882,-1.6987362612180874,-7.851344803519868,92.14865519648014,-71.36375418824403,-73.06249044946212,-71.3047063512856,-72.97545933723536,99.97560060015886,99.94296870147727,-0.032631898681586335,99.96736013738783,37.7808,36.8548,37.595600000000005,36.8548,True,True,12.2175035,-9.41874231175597,-76.17303000000001,3.1105395505378937,95.91648179081508,-54.412155,-18.563304337235365,65.88390160758131,0.00309892805,0.021462413
41,295,23.799074877938487,26.170663737975637,2.37158886003715,9.965046423865786,90.03495357613421,91.51864297395298,93.06569279548799,1.547049821535012,1.690420411910299,98.3095795880897,3GPP,21.48135702604702,19.93430720451201,-1.547049821535012,-7.201825376577238,92.79817462342277,-71.51864297395298,-73.06569279548799,-71.45746625485957,-72.97859812512695,99.9736364260847,99.94287736355946,-0.030759062525234526,99.96923282614814,35.9288,37.7808,36.4844,37.595600000000005,True,True,15.13222,-6.349137026047021,-69.928685,-3.137007795487989,95.51399000926732,-46.79999,-26.17860812512695,44.062791199043104,0.00494617755,0.07666371
37,303,23.58173630278061,26.074219434817117,2.492483132036508,10.56954882386082,89.43045117613917,91.36923184595406,93.00556450104015,1.6363326550860933,1.7909011841589124,98.20909881584109,3GPP,21.63076815404594,19.994435498959845,-1.6363326550860933,-7.564838397937451,92.43516160206255,-71.36923184595406,-73.00556450104015,-71.31010999127,-72.9196555858795,99.97553369915492,99.94456821066443,-0.03096548849049441,99.96902693354589,37.2252,35.9288,36.6696,36.4844,True,True,15.216011,-6.4147571540459385,-74.29099,1.2854254989598388,98.26974240219461,-52.40652,-20.513135585879496,60.85766506556914,0.0006218218999999,0.0335858339999999
43,305,23.68646052338224,26.064208338371838,2.377747814989597,10.038426014061443,89.96157398593856,91.44139647555545,92.99931033662183,1.5579138610663819,1.7037292967008117,98.29627070329919,3GPP,21.55860352444455,20.000689663378168,-1.5579138610663819,-7.226413618581173,92.77358638141882,-71.44139647555545,-72.99931033662183,-71.38129083762188,-72.91352383467583,99.97463500635094,99.94474118404924,-0.02989382230170179,99.97009859320836,35.188,36.8648,36.299200000000006,36.6696,True,True,18.7157,-2.8429035244445515,-68.85802,-4.141290336621836,93.98575454736887,-46.06162,-26.85190383467583,41.70438678736043,0.0009901498,0.095106265
39,313,23.69432939003227,25.875164170867492,2.180834780835223,9.204036733585111,90.79596326641489,91.44680595490765,92.88075691939332,1.4339509644856747,1.568071131093146,98.43192886890685,3GPP,21.553194045092354,20.11924308060668,-1.4339509644856747,-6.653078710680398,93.3469212893196,-71.44680595490765,-72.88075691939332,-71.38662592067469,-72.7972584735628,99.97456632525483,99.94791989635725,-0.02664642889757829,99.97334679221224,36.8548,35.188,36.8548,36.299200000000006,True,True,18.58775,-2.9654440450923545,-70.631415,-2.2493419193933164,96.81538035250558,-49.676415000000006,-23.1208434735628,53.45710137584848,0.00065986285,0.0612184
44,315,23.45472273367727,25.823997579157265,2.369274845479996,10.101483067536298,89.8985169324637,91.2812765224781,92.84852035847919,1.5672438360010972,1.7169389996591053,98.2830610003409,3GPP,21.718723477521905,20.151479641520808,-1.5672438360010972,-7.216095539054761,92.78390446094524,-71.2812765224781,-72.84852035847919,-71.22333211557697,-72.76563355042643,99.97658610709988,99.94875218235006,-0.027833924749813832,99.97215955671861,34.262,36.124,35.9288,36.8548,True,True,16.2157605,-5.502962977521907,-70.06954,-2.7789803584791883,96.03396802879084,-46.65584,-26.10979355042643,44.03745908245049,0.0022191987,0.0965538685
40,323,23.799074877938487,25.52692023658286,1.7278453586443732,7.260136654496891,92.73986334550311,91.51864297395298,92.66008094667117,1.1414379727181938,1.2472190753998147,98.75278092460019,3GPP,21.48135702604702,20.339919053328828,-1.1414379727181938,-5.313621347730284,94.68637865226971,-71.51864297395298,-72.66008094667117,-71.45746625485957,-72.58068169757698,99.9736364260847,99.95335809385911,-0.020278332225586837,99.97971632027152,36.4844,34.262,35.9288,35.9288,True,True,15.1113285,-6.370028526047021,-73.89364,1.2335590533288325,98.33062892377635,-52.415305,-20.16537669757698,61.527693681116645,0.0006857387,0.0373700555
46,324,23.337010896872616,25.480620304409886,2.1436094075372694,9.185449743371091,90.8145502566289,91.19933623347696,92.63051500843275,1.4311787749557965,1.5692863940279942,98.430713605972,3GPP,21.800663766523044,20.369484991567248,-1.4311787749557965,-6.564840365794298,93.4351596342057,-71.19933623347696,-72.63051500843275,-71.14246778112661,-72.55164959682682,99.97752578135439,99.95404221371557,-0.02348356763882009,99.97651115342644,34.262,34.262,34.6324,35.9288,True,True,17.3083325,-4.4923312665230455,-69.89913,-2.7313850084327527,96.09239055130908,-48.625885,-23.925764596826824,50.79623826522268,0.0010819261,0.0860166914999999
42,333,23.68646052338224,25.378009343618544,1.691548820236303,7.14141658508446,92.85858341491554,91.44139647555545,92.5647983815355,1.123401905980046,1.2285485013129247,98.77145149868707,3GPP,21.55860352444455,20.435201618464504,-1.123401905980046,-5.210921499188292,94.78907850081171,-71.44139647555545,-72.5647983815355,-71.38129083762188,-72.48710683242534,99.97463500635094,99.9555271083164,-0.019107898034533832,99.98088725401867,36.299200000000006,34.262,35.188,34.6324,True,True,15.7118925,-5.84671102444455,-73.30711,0.7423116184644982,98.98739478549284,-52.05459499999999,-20.432511832425348,60.74791892545634,0.00068928885,0.032688191
48,334,23.556699339795617,25.367720469802364,1.811021130006747,7.687923948442514,92.31207605155748,91.35193160718566,92.55819427730688,1.2062626701212196,1.3204566656654428,98.67954333433455,3GPP,21.648068392814338,20.44180572269312,-1.2062626701212196,-5.572149201642468,94.42785079835753,-71.35193160718566,-72.55819427730688,-71.29304321119162,-72.4806197320835,99.97574437175919,99.9556736529462,-0.020070718812988275,99.97992441172696,33.891600000000004,34.262,32.595200000000006,34.6324,True,True,16.7133535,-4.934714892814338,-70.62321,-1.9349842773068815,97.26012981099714,-49.29856,-23.182059732083495,52.976192951511166,0.0010587457,0.07153613
51,343,24.34767957181327,25.6290406607747,1.2813610889614289,5.262764713089251,94.73723528691075,91.88979930523172,92.72510327474046,0.8353039695087432,0.9090279615630692,99.09097203843693,3GPP,21.11020069476828,20.274896725259538,-0.8353039695087432,-3.9568736535780817,96.04312634642191,-71.88979930523172,-72.72510327474046,-71.8232060378748,-72.64451736504608,99.96826222253668,99.95181753483675,-0.016444687699930682,99.9835500914647,34.262,33.891600000000004,30.558,32.595200000000006,True,True,13.779965789473684,-7.330234905294597,-69.03254210526316,-3.692561169477301,94.6509848009845,-45.9111,-26.733417365046087,41.77134208275104,0.0110505481052631,0.1334088915789474
52,353,25.703300295454937,26.579457717313964,0.8761574218590269,3.4087351110081223,96.59126488899187,92.77222352797673,93.31811949914987,0.5458959711731382,0.5884260939466603,99.41157390605333,3GPP,20.227776472023265,19.681880500850127,-0.5458959711731382,-2.698744332715752,97.30125566728425,-72.77222352797673,-73.31811949914987,-72.69076670693555,-73.22586756095862,99.95066943830663,99.93519796649252,-0.01547147181410935,99.98452089225509,35.0028,34.262,29.817200000000003,30.558,True,True,16.918847894736842,-3.308928577286423,-69.81187368421052,-3.506245814939348,94.97757955788492,-46.62327894736842,-26.6025886135902,42.941403491545415,0.0024096136315789,0.095341337368421
54,363,27.172538142979832,27.978745588032513,0.8062074450526815,2.966993516801703,97.03300648319829,93.67752291087334,94.1536991173765,0.47617620650316894,0.508314259073879,99.49168574092612,3GPP,19.322477089126664,18.846300882623495,-0.47617620650316894,-2.4643641925761557,97.53563580742384,-73.67752291087334,-74.1536991173765,-73.57740287797627,-74.0421249711447,99.92245091205582,99.90162459875658,-0.020826313299238564,99.97915752355037,35.5584,35.0028,30.0024,29.8172,True,True,14.628294,-4.694183089126664,-70.226265,-3.9274341173765066,94.407456928862,-47.20652,-26.835604971144704,43.15275734973748,0.0040829635,0.0759063255
57,373,28.745810294659663,29.511802178929884,0.7659918842702211,2.664707922366431,97.33529207763357,94.59418596479568,95.02248006243522,0.42829409763953663,0.4527700019522672,99.54722999804773,3GPP,18.405814035204315,17.97751993756478,-0.42829409763953663,-2.326950043178475,97.67304995682153,-74.59418596479568,-75.02248006243522,-74.47086909996315,-74.88658001875412,99.87741656978864,99.84818749834685,-0.02922907144179021,99.97073505458427,36.114,35.5584,31.1136,30.002399999999998,True,True,15.47677157894737,-2.929042456256946,-71.61854210526316,-3.4039379571720616,95.24712754949823,-47.67943684210527,-27.20714317664885,42.93736466152538,0.0012474396315789,0.0589738878947368
59,384,29.98932041632588,31.06001213088335,1.0706917145574693,3.5702433389407364,96.42975666105926,95.28388856060799,95.85520093406555,0.5713123734575589,0.5995896914872021,99.4004103085128,3GPP,17.71611143939201,17.14479906593445,-0.5713123734575589,-3.2248181290350106,96.77518187096499,-75.28388856060799,-75.85520093406555,-75.13969575908435,-75.69111391610551,99.82702648118172,99.76996695977084,-0.05705952141087778,99.94284160971014,36.4844,36.114,32.410000000000004,31.1136,True,True,14.379452105263155,-3.3366593341288535,-72.56637894736842,-3.2888219866971298,95.467843325788,-50.25381578947368,-25.43729812663183,49.382354897794634,0.0012580095263157,0.0391699894736842
60,394,30.8869177270238,32.22752153165238,1.3406038046285786,4.340361237973733,95.65963876202626,95.76418656870725,96.45614916739164,0.6919625986843982,0.7225692855313304,99.27743071446866,3GPP,17.235813431292755,16.543850832608356,-0.6919625986843982,-4.014679095029507,95.9853209049705,-75.76418656870725,-76.45614916739164,-75.60344031317916,-76.26823071550047,99.78017800400531,99.68959089223507,-0.09058711177023326,99.90921331913579,36.6696,36.4844,33.52120000000001,32.410000000000004,True,True,15.159843529411765,-2.07596990188099,-71.2635705882353,-5.192578579156347,92.7135582229533,-47.0304,-29.237830715500465,37.832060293979076,0.0017098902941176,0.0531929117647058
63,404,31.56680309248766,33.13266447298206,1.5658613804943968,4.960468679411645,95.03953132058835,96.1187876921432,96.90725374046983,0.7884660483266259,0.8203037795815599,99.17969622041844,3GPP,16.8812123078568,16.092746259530173,-0.7884660483266259,-4.670671951443088,95.32932804855692,-76.1187876921432,-76.90725374046983,-75.94463651102936,-76.69925147551676,99.73764663147566,99.61135810372832,-0.12628852774733446,99.87337927852462,36.299200000000006,36.6696,34.6324,33.52120000000001,True,True,12.677607,-4.203605307856799,-74.71297,-2.194283740469828,97.06304843661036,-49.686935,-27.012316475516762,45.63497129473419,0.00100733655,0.0255101815
65,414,31.90484785588713,33.64168588639222,1.736838030505087,5.4438060270662065,94.5561939729338,96.29226556926761,97.15555582655398,0.8632902572863657,0.8965312553222251,99.10346874467777,3GPP,16.707734430732387,15.844444173446021,-0.8632902572863657,-5.167009691621746,94.83299030837826,-76.29226556926761,-77.15555582655398,-76.1111631381592,-76.9356196466751,99.71394229012755,99.56021068358747,-0.15373160654007734,99.8458273707675,35.373200000000004,36.299200000000006,35.373200000000004,34.6324,True,True,13.730273,-2.9774614307323866,-72.14520999999999,-5.010345826553987,93.05519267799762,-48.02521,-28.91040964667509,39.80159660587618,0.0032316317499999,0.0506525905
66,424,31.785851944187023,33.68798592495914,1.9021339807721205,5.984215820649041,94.01578417935096,96.23140975187792,97.1779544071761,0.9465446552981831,0.9836129988521878,99.0163870011478,3GPP,16.76859024812208,15.822045592823898,-0.9465446552981831,-5.644747956103148,94.35525204389685,-76.23140975187792,-77.1779544071761,-76.05277621574028,-76.95690944206511,99.72249154569666,99.55527969906679,-0.16721184662986843,99.83232283506149,34.0768,35.373200000000004,35.7436,35.373200000000004,True,True,13.410699411764703,-3.3578908363573774,-73.64038823529413,-3.537566171881977,95.19616034535447,-49.648188235294114,-27.308721206770997,44.99553321593787,0.0012531979411764,0.0397558664705882
68,434,31.333487943924208,33.26710965119872,1.933621707274515,6.171102657753933,93.82889734224607,95.99796796545992,96.97320525865811,0.975237293198191,1.0158936838632682,98.98410631613673,3GPP,17.00203203454008,16.026794741341888,-0.975237293198191,-5.736004327112021,94.26399567288797,-75.99796796545992,-76.97320525865811,-75.82850285466134,-76.7620963149275,99.75298815930445,99.5983810241067,-0.15460713519775027,99.84501002120273,32.7804,34.0768,36.114,35.7436,True,True,13.670459047619048,-3.3315729869210315,-73.85337142857144,-3.1198338300866766,95.7756379028626,-49.01802380952381,-27.744072505403693,43.40026310890721,0.001123992,0.03346891
71,444,30.31913541301243,32.38132342115136,2.0621880081389286,6.801605586859427,93.19839441314058,95.46202062243705,96.53368743417684,1.0716668117397887,1.1226106515997085,98.87738934840029,3GPP,17.537979377562948,16.46631256582316,-1.0716668117397887,-6.110548933081857,93.88945106691814,-75.46202062243705,-76.53368743417684,-75.31189376027936,-76.34245724220273,99.8109439699298,99.67735986639403,-0.13358410353576744,99.86616286929817,32.410000000000004,32.7804,35.9288,36.114,True,True,15.1054285,-2.4325508775629476,-71.87682,-4.656867434176846,93.52104415000991,-49.384095,-26.958362242202725,45.41084079357387,0.0012699159999999,0.0523354705
72,454,29.419451858790413,31.410332948214617,1.990881089424203,6.767226999946077,93.23277300005392,94.97143677319329,96.03786039335631,1.0664236201630217,1.122888793090294,98.8771112069097,3GPP,18.02856322680671,16.96213960664369,-1.0664236201630217,-5.915189173684978,94.08481082631502,-74.97143677319329,-76.03786039335631,-74.83710032773197,-75.86686186571438,99.85200731770773,99.74802428229873,-0.10398303540900145,99.89586284922831,32.7804,32.410000000000004,35.5584,35.9288,True,True,16.991766666666667,-1.0367965601400435,-69.92662777777778,-6.11123261557853,91.26050717760961,-48.68795,-27.178911865714383,44.17733368171307,0.0012481302777777,0.0793291444444444
75,464,28.177869719241937,30.61221570047385,2.434345981231914,8.63921228072668,91.36078771927332,94.26919602726622,95.6186938262581,1.3494977989918766,1.4315363404622128,98.56846365953778,3GPP,18.73080397273378,17.381306173741905,-1.3494977989918766,-7.204697678521035,92.79530232147897,-74.26919602726622,-75.6186938262581,-74.15465416658434,-75.46314981954032,99.89578242726051,99.7955699251135,-0.10021250214701638,99.89968294985829,33.336,32.7804,35.188,35.5584,True,True,17.849061578947367,-0.8817423937864142,-68.82566315789474,-6.7930306683633574,90.13009049723314,-47.69378421052632,-27.769365609014002,41.775713400227254,0.0013184129473684,0.1084601052631578
76,474,27.97427255859381,30.058983643209253,2.084711084615442,7.452244129847839,92.54775587015216,94.1510952202976,95.32167609983216,1.1705808795345547,1.2433003320838636,98.75669966791614,3GPP,18.848904779702394,17.67832390016784,-1.1705808795345547,-6.210338973090388,93.78966102690961,-74.1510952202976,-75.32167609983216,-74.03958709922004,-75.17624408242438,99.90175246937285,99.82373310581765,-0.07801936355519956,99.92190390896384,33.891600000000004,33.336,34.817600000000006,35.188,True,True,18.05185,-0.7970547797023926,-69.43654000000001,-5.8851360998321525,91.5244392940199,-48.38528,-26.790964082424374,44.62992860137551,0.00101054495,0.0923075335
78,484,27.97835092338417,29.76777182243656,1.7894208990523914,6.3957339871550545,93.60426601284495,94.15346938689146,95.16312744793238,1.0096580610409234,1.0723535389780265,98.92764646102198,3GPP,18.84653061310854,17.836872552067618,-1.0096580610409234,-5.357262202618155,94.64273779738184,-74.15346938689146,-75.16312744793238,-74.04190106732307,-75.02282569949084,99.90163588690754,99.83714515006127,-0.06449073684626683,99.93544576495296,34.817600000000006,33.891600000000004,34.4472,34.817600000000006,True,True,15.5642075,-3.282323113108541,-71.478865,-3.684262447932383,94.84566179396892,-50.01948,-25.003345699490836,50.01278362051978,0.00111373235,0.0561785355
81,494,28.61031610912257,29.82927446206784,1.2189583529452683,4.260555347574773,95.73944465242522,94.51723975574033,95.19674102632443,0.6795012705840975,0.7189178104863448,99.28108218951365,3GPP,18.482760244259666,17.803258973675568,-0.6795012705840975,-3.6764058052158926,96.3235941947841,-74.51723975574033,-75.19674102632443,-74.39605858619065,-75.05536670836123,99.88203770687551,99.8343895240504,-0.04764818282511385,99.95229554390455,37.04,34.817600000000006,34.262,34.4472,True,True,18.0918935,-0.3908667442596645,-68.501775,-6.694966026324437,90.22658022171771,-47.33545,-27.719916708361232,41.43941441697241,0.0013161471,0.1440682455
83,504,29.60683570188204,30.25889043771944,0.6520547358373996,2.2023790127492413,97.79762098725075,95.07483990821808,95.4296276029505,0.35478769473242266,0.3731667548164396,99.62683324518356,3GPP,17.92516009178192,17.570372397049496,-0.35478769473242266,-1.9792721120247114,98.02072788797528,-75.07483990821808,-75.4296276029505,-74.9373173228878,-75.28059741340194,99.84416685178485,99.81397570358293,-0.030191148201922147,99.96976173055083,38.52160000000001,37.04,34.262,34.262,True,True,17.2921575,-0.6330025917819206,-69.95709500000001,-5.472532602950494,92.17730152609897,-48.47023,-26.810367413401934,44.68693997655482,0.00108801355,0.109400744
84,514,30.97579776400888,31.379823114550536,0.4040253505416551,1.3043258921682934,98.6956741078317,95.8109839035805,96.02203356522224,0.21104966164173788,0.2202771050280915,99.77972289497191,3GPP,17.189016096419493,16.977966434777755,-0.21104966164173788,-1.2278169992853747,98.77218300071462,-75.8109839035805,-76.02203356522224,-75.64852833483356,-75.85164502302304,99.77498552429005,99.75000543644047,-0.02498008784957051,99.97496357657351,39.818000000000005,38.52160000000001,33.7064,34.262,True,True,16.32113,-0.8678860964194932,-71.28304736842105,-4.738986196801193,93.35187485418784,-49.93337368421053,-25.91827133881251,48.094291599992275,0.000972001368421,0.0697479984210526
87,524,33.06583690726014,33.188042299603744,0.12220539234360217,0.3695820332216361,99.63041796677837,96.87437212047169,96.93445145662983,0.06007933615813954,0.06201778121815919,99.93798221878184,3GPP,16.12562787952831,16.06554854337017,-0.06007933615813954,-0.3725705231881918,99.62742947681181,-76.87437212047169,-76.93445145662983,-76.66790204302603,-76.72517347453041,99.61767122346701,99.60605788110925,-0.011613342357762235,99.98834208608258,39.818000000000005,39.818000000000005,33.336,33.7064,True,True,15.462835000000002,-0.6627928795283076,-71.6554,-5.27905145662983,92.63272348402238,-50.104155000000006,-26.621018474530402,46.86864098490355,0.00108943085,0.05281666
88,534,34.72381350205714,34.58628701360314,-0.13752648845400017,-0.3960581358549593,99.60394186414504,97.6711682088248,97.60653793885922,-0.0646302699655763,-0.06617128795612871,99.93382871204388,3GPP,15.328831791175205,15.39346206114078,0.0646302699655763,0.42162554098078037,99.57837445901922,-77.6711682088248,-77.60653793885922,-77.42428116342053,-77.36319750725006,99.43160906651003,99.44958360876505,0.017974542255018378,99.98192270805656,37.2252,39.818000000000005,33.52120000000001,33.336,True,True,15.5463625,0.2175307088247962,-71.53515,-6.071387938859218,91.51272075495862,-50.0441,-27.319097507250063,45.409953406595264,0.00112964155,0.057826668
82,539,29.60683570188204,35.638728567491526,6.0318928656094855,20.373311509362182,79.62668849063782,95.07483990821808,98.09472271854546,3.019882810327374,3.1763217411069666,96.82367825889304,3GPP,17.92516009178192,14.905277281454545,-3.019882810327374,-16.847173441490703,83.1528265585093,-75.07483990821808,-78.09472271854546,-74.9373173228878,-77.82331903897014,99.84416685178485,99.29848174667192,-0.5456851051129235,99.45346320940013,34.262,37.2252,38.52160000000001,33.52120000000001,True,True,14.742303684210526,-3.1828564075713928,-73.82161578947368,-4.273106929071773,94.21157762076365,-52.25945263157895,-25.56386640739119,51.08278958141317,0.0007984524210526,0.0453315968421052
90,545,35.26382687695121,35.360828307097904,0.09700143014669749,0.27507346404907235,99.72492653595093,97.92249417350291,97.96723125458655,0.04473708108363894,0.04568621485924575,99.95431378514076,3GPP,15.077505826497088,15.032768745413449,-0.04473708108363894,-0.2967140692794053,99.7032859307206,-77.92249417350291,-77.96723125458655,-77.66133205230852,-77.70344546807506,99.35599168227495,99.34151975917051,-0.014471923104437678,99.98543427239827,33.52120000000001,34.262,34.6324,38.2012,True,True,16.5486945,1.4711886735029118,-70.074055,-7.89317625458655,88.73595048183446,-48.77577,-28.92767546807506,40.692529368424005,0.0012715055,0.0983275919999999
85,550,30.97579776400888,34.97398063087617,3.998182866867289,12.907441149143933,87.09255885085607,95.8109839035805,97.78808009053182,1.9770961869513144,2.0635381314327876,97.9364618685672,3GPP,17.189016096419493,15.211919909468179,-1.9770961869513144,-11.502090496983987,88.49790950301602,-75.8109839035805,-77.78808009053182,-75.64852833483356,-77.53464942239764,99.77498552429005,99.39759903222686,-0.37738649206318087,99.62176241862615,33.7064,33.52120000000001,39.818000000000005,34.6324,True,True,14.715084999999998,-2.473931096419495,-74.569655,-3.2184250905318237,95.68400163507285,-53.254155,-24.280494422397638,54.40638496207922,0.00063762035,0.0239191679999999
93,555,34.38970596481254,34.52278467665282,0.13307871184027675,0.3869725201385628,99.61302747986144,97.51370749285891,97.57660837793534,0.06290088507643077,0.06450465959469041,99.93549534040531,3GPP,15.486292507141087,15.423391622064656,-0.06290088507643077,-0.4061713612049218,99.59382863879507,-77.51370749285891,-77.57660837793534,-77.27537463423343,-77.33489351661808,99.47441626895045,99.45771480938767,-0.016701459562781906,99.98321029648706,30.558,33.7064,34.262,38.37639999999999,True,True,16.560694,1.0744014928589145,-70.597905,-6.9787033779353465,90.11485768885727,-49.13346,-28.20143351661808,42.60238640507288,0.0011143147,0.0795843115
86,560,33.06583690726014,34.276950574976176,1.2111136677160346,3.6627340511986706,96.33726594880133,96.87437212047169,97.46022183101257,0.5858497105408844,0.6047520079018727,99.39524799209812,3GPP,16.12562787952831,15.539778168987425,-0.5858497105408844,-3.6330350353962224,96.36696496460378,-76.87437212047169,-77.46022183101257,-76.66790204302603,-77.2247284945813,99.61767122346701,99.48821460567416,-0.12945661779285444,99.87004653270557,33.336,30.558,39.818000000000005,34.262,True,True,12.911066470588237,-3.2145614089400727,-75.79980588235294,-1.660415948659633,97.80947203052641,-48.19338235294118,-29.03134614164012,39.76072082048341,0.0007315726470588,0.0223124388235294
95,567,32.74388986486584,34.42964887624517,1.685759011379325,5.1483162762165975,94.8516837237834,96.71502530397673,97.53261240850468,0.817587104527945,0.8453568635879036,99.15464313641209,3GPP,16.28497469602327,15.467387591495324,-0.817587104527945,-5.020499692441013,94.979500307559,-76.71502530397673,-77.53261240850468,-76.51582555581426,-77.29326795361888,99.64684737105162,99.4694511395064,-0.17739623154521666,99.82197506872981,26.2984,33.336,32.2248,39.818000000000005,True,True,18.560025000000003,2.275050303976734,-67.61195000000001,-9.920662408504668,85.32705770428944,-46.648155,-30.645112953618877,34.305841348668835,0.0014338633,0.13226895
89,569,34.72381350205714,34.126811000985334,-0.5970025010718061,-1.7192884100602541,98.28071158993974,97.6711682088248,97.3887291692338,-0.28243903959099725,-0.28917340170144323,99.71082659829855,3GPP,15.328831791175205,15.611270830766202,0.28243903959099725,1.842534665646192,98.1574653343538,-77.6711682088248,-77.3887291692338,-77.42428116342053,-77.15697997022403,99.43160906651003,99.5060971766143,0.07448811010426937,99.92508608600063,33.52120000000001,31.716,37.2252,38.19800000000001,True,True,13.890338500000002,-1.4384932911752024,-75.51104000000001,-1.8776891692337898,97.5133580874614,-53.686400000000006,-23.470579970224023,56.282075217887545,0.0007186604,0.0247822514999999
97,577,30.127592655816,33.42246976442629,3.29487710861029,10.93641017472476,89.06358982527524,95.35880630018909,97.04908536151535,1.6902790613262653,1.772546371863417,98.22745362813659,3GPP,17.641193699810913,15.950914638484647,-1.6902790613262653,-9.581432470436411,90.41856752956359,-75.35880630018909,-77.04908536151535,-75.21214642479504,-76.83434600892396,99.820436059037,99.58291560826692,-0.23752045077007722,99.76205228092813,20.1868,33.52120000000001,30.3728,37.2252,True,True,17.1217575,-0.5194361998109116,-69.103155,-7.945930361515352,88.50134937903292,-47.99029,-28.844056008923957,39.89605812149926,0.00161123055,0.082156735
91,579,35.26382687695121,33.264269145577195,-1.9995577313740114,-5.670280024772191,94.3297199752278,97.92249417350291,96.97181461869961,-0.9506795548033011,-0.9708489993308891,99.02915100066912,3GPP,15.077505826497088,16.02818538130039,0.9506795548033011,6.305283949103734,93.69471605089626,-77.92249417350291,-76.97181461869961,-77.66133205230852,-76.76077164673414,99.35599168227495,99.59865906037199,0.24266737809703898,99.7557596940172,34.6324,31.901200000000006,33.52120000000001,35.6052,True,True,15.614755,0.5372491735029126,-73.73956,-3.2322546186996135,95.61666137050504,-52.287805000000006,-24.472966646734136,53.19565117194318,0.0006571031,0.0457893954999999
92,588,34.38970596481254,33.274905099556754,-1.1148008652557877,-3.241670243986526,96.75832975601347,97.51370749285891,96.97702110369305,-0.5366863891658653,-0.5503702022663508,99.44962979773365,3GPP,15.486292507141087,16.022978896306952,0.5366863891658653,3.465557614376629,96.53444238562336,-77.51370749285891,-76.97702110369305,-77.27537463423343,-76.76573103341426,99.47441626895045,99.59761712100746,0.12320085205701048,99.87614820304759,34.262,31.051440000000003,30.558,33.52120000000001,True,True,14.508622499999998,-0.9776700071410893,-74.99907,-1.9779511036930444,97.36269915921218,-53.40069,-23.365041033414258,56.2458068736298,0.0005999362,0.0257790425
94,598,32.74388986486584,31.421970861342245,-1.3219190035235968,-4.0371471104354475,95.96285288956456,96.71502530397673,96.04389345422257,-0.6711318497541612,-0.6939271820948028,99.3060728179052,3GPP,16.28497469602327,16.95610654577743,0.6711318497541612,4.121172198800218,95.87882780119978,-76.71502530397673,-76.04389345422257,-76.51582555581426,-75.87266184179461,99.64684737105162,99.74726496622347,0.100417595171848,99.8992265206365,32.2248,21.33144,26.2984,30.558,True,True,17.5020995,1.2171248039767306,-71.572095,-4.471798454222565,93.7520363848193,-50.48074,-25.391921841794613,49.69978284431921,0.00069469965,0.0583957325
96,607,30.127592655816,28.987482139017434,-1.1401105167985648,-3.784273538956228,96.21572646104377,95.35880630018909,94.73053367301273,-0.6282726271763579,-0.658851186956513,99.34114881304349,3GPP,17.641193699810913,18.26946632698727,0.6282726271763579,3.561395208664888,96.43860479133511,-75.35880630018909,-74.73053367301273,-75.21214642479504,-74.60334087605708,99.820436059037,99.86877948421163,0.04834342517463597,99.95156961131082,30.3728,21.33144,20.1868,26.2984,True,True,16.30946,-1.3317336998109113,-72.815005,-1.91552867301273,97.36932151139352,-51.500565,-23.102775876057073,55.14073316271953,0.00066556935,0.0406695225
98,616,26.743823476893567,24.146470590945153,-2.597352885948414,-9.711972890460126,90.28802710953987,93.41852128456496,91.75465240927483,-1.6638688752901345,-1.7810910003828617,98.21890899961714,3GPP,19.58147871543504,21.245347590725174,1.6638688752901345,8.497156417398626,91.50284358260137,-73.41852128456496,-71.75465240927483,-73.32413506716264,-71.6900844361145,99.93186408121838,99.97033538327757,0.038471302059193135,99.96150246729319,28.706000000000003,21.33144,14.816,20.1868,True,True,16.2437115,-3.33776721543504,-73.35779,1.6031375907251686,97.81463210556757,-52.143015000000005,-19.547069436114498,62.51258306387827,0.00059827375,0.0324897575
101,625,22.54170852137463,22.930965142771107,0.389256621396477,1.7268283858225466,98.27317161417746,90.63464626285443,90.91347767716726,0.2788314143128332,0.30764329735913476,99.69235670264086,3GPP,22.36535373714557,22.086522322832735,-0.2788314143128332,-1.24671139830771,98.75328860169229,-70.63464626285443,-70.91347767716726,-70.58467183620816,-70.8602097301179,99.98305319849888,99.98051841873357,-0.002534779765312578,99.99746479059779,25.1872,27.883439999999993,11.112,14.816,True,True,16.06981,-6.295543737145568,-72.66634,1.7528623228327405,97.58779329902573,-51.437070000000006,-19.423139730117896,62.23902385941133,0.00076838775,0.0504180569999999
103,633,18.492350969835105,22.703483745794898,4.211132775959793,22.772295328100967,77.22770467189903,87.40984492368159,90.75110900147561,3.3412640777940226,3.8225260332074877,96.17747396679252,3GPP,25.59015507631841,22.248890998524388,-3.3412640777940226,-13.056834035703396,86.94316596429661,-67.40984492368159,-70.75110900147561,-67.3859901380357,-70.69978429799696,99.99662020813797,99.98203724725435,-0.014582960883615215,99.985416546226,20.5572,25.1872,6.1116,11.112,True,True,18.91643,-6.673725076318412,-69.417805,-1.3333040014756108,98.07930544407792,-48.39928,-22.30050429799696,53.92389246700166,0.0008197470999999,0.083587339
111,634,8.138804078419051,22.885973943907622,14.747169865488571,181.19578409059312,0.0,74.04366242267679,90.88149261432159,16.837830191644798,22.740406998679205,77.2595930013208,3GPP,38.95633757732321,22.118507385678413,-16.837830191644798,-43.222313078645854,56.777686921354146,-54.04366242267679,-70.88149261432159,-54.04256064120859,-70.82861316576168,99.99999576868883,99.98082744118818,-0.019168327500651117,99.98083167168828,0.0,25.1872,0.0,11.112,True,True,22.55962,-16.396717577323212,-62.729685,-8.151807614321584,87.00486442053457,-41.93821,-28.890403165761683,31.111978394495893,0.00178319355,0.33733555
109,641,9.085278613189338,24.218885825957592,15.133607212768254,166.57284665765118,0.0,75.83532452546316,91.80342113983288,15.968096614369713,21.056277815502877,78.94372218449712,3GPP,37.164675474536836,21.196578860167122,-15.968096614369713,-42.965790526840905,57.034209473159095,-55.835324525463164,-71.80342113983288,-55.83366021805691,-71.73812947357914,99.9999896359519,99.96960336163205,-0.03038627431985219,99.9696137225309,6.1116,13.847199999999996,0.0,0.0,True,True,22.74941,-14.415265474536834,-60.95101999999999,-10.852401139832885,82.19488182505742,-40.006855,-31.731274473579134,20.68540635453816,0.00288557245,0.5633242
107,648,11.172166186344946,24.865944249438453,13.693778063093507,122.5704830620097,0.0,79.2027921669449,92.23282598137104,13.030033814426133,16.451482906008188,83.54851709399182,3GPP,33.7972078330551,20.767174018628964,-13.030033814426133,-38.553580753739695,61.446419246260305,-59.2027921669449,-72.23282598137104,-59.199179043005195,-72.16080469589238,99.99994418312352,99.96232632224186,-0.03761786088165309,99.96238211812123,11.852800000000002,6.1116,0.0,0.0,True,True,20.601155,-13.196052833055099,-65.381525,-6.85130098137104,89.52104439079535,-44.371055,-27.789749695892382,37.36964402606072,0.0015909199,0.2565387
105,656,14.539403650435588,25.822709702562364,11.283306052126775,77.6050127185838,22.394987281416206,83.49313741454131,92.84770813191903,9.354570717377726,11.203999522658394,88.79600047734161,3GPP,29.50686258545869,20.152291868080965,-9.354570717377726,-31.70303413412635,68.29696586587364,-63.49313741454131,-72.84770813191903,-63.4834409561178,-72.76483667712961,99.99952312963498,99.94877297988445,-0.050750149750527385,99.94924960823589,17.0384,11.852800000000002,0.0,0.0,True,True,17.7916585,-11.71520408545869,-70.26857,-2.579138131919038,96.32959923345666,-49.122945,-23.641891677129607,51.871998559675916,0.00098303615,0.110669002
103,667,18.492350969835105,28.457802050704558,9.965451080869453,53.889584386134516,46.110415613865484,87.40984492368159,94.43019092645008,7.020346002768491,8.031527808907596,91.9684721910924,3GPP,25.59015507631841,18.56980907354992,-7.020346002768491,-27.433776707610676,72.56622329238932,-67.40984492368159,-74.43019092645008,-67.3859901380357,-74.31138190731693,99.99662020813797,99.88705614336205,-0.10956406477592395,99.89043223206157,20.5572,17.0384,6.1116,0.0,True,True,18.91643,-6.673725076318412,-69.417805,-5.012385926450079,92.77939438383268,-48.39928,-25.91210190731693,46.46180292905817,0.0008197470999999,0.083587339
101,674,22.54170852137463,31.29353350814886,8.751824986774231,38.825029515733135,61.174970484266865,90.63464626285443,95.97718780586992,5.342541543015486,5.894590825147915,94.10540917485208,3GPP,22.36535373714557,17.022812194130083,-5.342541543015486,-23.887579001901983,76.11242099809802,-70.63464626285443,-75.97718780586992,-70.58467183620816,-75.80851610976745,99.98305319849888,99.75553510352519,-0.22751809497368924,99.77244334145108,25.1872,20.5572,11.112,5.6160000000000005,True,True,16.06981,-6.295543737145568,-72.66634,-3.310847805869912,95.44376694096619,-51.437070000000006,-24.371446109767447,52.618906734447656,0.00076838775,0.0504180569999999
98,682,26.743823476893567,36.734548178909506,9.990724702015939,37.35712924761053,62.64287075238947,93.41852128456496,98.58794149193068,5.169420207365718,5.533613823343438,94.46638617665656,3GPP,19.58147871543504,14.412058508069322,-5.169420207365718,-26.399539495916308,73.60046050408369,-73.41852128456496,-78.58794149193068,-73.32413506716264,-78.28501038873571,99.93186408121838,99.10403958867997,-0.8278244925384115,99.17161107705786,28.706000000000003,25.1872,14.816,11.112,True,True,16.2437115,-3.33776721543504,-73.35779,-5.230151491930684,92.87035297555899,-52.143015000000005,-26.141995388735708,49.864818156879295,0.00059827375,0.0324897575
96,691,30.127592655816,45.447132895669206,15.319540239853207,50.84886938982108,49.15113061017892,95.35880630018909,102.0541335311429,6.695327230953808,7.0211944661691215,92.97880553383088,3GPP,17.641193699810913,10.945866468857105,-6.695327230953808,-37.9528015217336,62.0471984782664,-75.35880630018909,-82.0541335311429,-75.21214642479504,-81.40776738797368,99.820436059037,95.13362527281774,-4.6868107862192545,95.30475825266149,30.3728,28.706000000000003,20.1868,14.816,True,True,16.30946,-1.3317336998109113,-72.815005,-9.239128531142896,87.31150463954113,-51.500565,-29.907202387973676,41.92839944964939,0.00066556935,0.0406695225
